"type","index_title","index_name","index_sort","operations","set"
"all","Record Identifier (MMS ID)","id",,"relation:<|relation:<=|relation:<>|relation:=|relation:==|relation:>|relation:>=|relation:all","rec"
"electronic_collection","Activate From","activateFrom",,"emptyTerm|relation:<|relation:<>|relation:=|relation:==|relation:>|relation:all","alma"
"electronic_collection","Activate To","activateTo",,"emptyTerm|relation:<|relation:<>|relation:=|relation:==|relation:>|relation:all","alma"
"electronic_collection","Activation Date (Electronic Collection)","iepa_activationDate",,"emptyTerm|relation:<|relation:<>|relation:=|relation:==|relation:>|relation:all","alma"
"electronic_collection","Authentication note (Electronic Collection)","iepa_authenticationNote",,"emptyTerm|relation:=|relation:==|relation:all","alma"
"electronic_collection","Availability (Electronic Collection)","pps_baseStatus",,"emptyTerm|relation:<>|relation:=|relation:==|relation:all","alma"
"electronic_collection","Available for","package_available_for",,"emptyTerm|relation:<>|relation:=|relation:==|relation:all","alma"
"electronic_collection","Available for","package_available_only_for",,"emptyTerm|relation:<>|relation:=|relation:==|relation:all","alma"
"electronic_collection","c.search.index_names.iepaLibrary","iepa_Library",,"emptyTerm|relation:=|relation:==|relation:all","alma"
"electronic_collection","Category","category",,"emptyTerm|relation:=|relation:all","alma"
"electronic_collection","CDI Collection ID (DB ID)","db_id",,"relation:=|relation:==|relation:all","alma"
"electronic_collection","CDI Fulltext Linking","iepa_cdi_linking",,"relation:=|relation:==|relation:all","alma"
"electronic_collection","CDI Fulltext rights","iepa_cdi_fulltext_rights",,"relation:=|relation:==|relation:all","alma"
"electronic_collection","CDI Newspapers","iepa_cdi_newspaper_search",,"relation:=|relation:==|relation:all","alma"
"electronic_collection","CDI Provider Coverage","iepa_cdi_provider_coverage",,"relation:=|relation:==|relation:all","alma"
"electronic_collection","CDI Search rights","iepa_cdi_search_rights",,"relation:=|relation:==|relation:all","alma"
"electronic_collection","CDI Suppress Full Text","iepa_suppressFromCdi",,"relation:=|relation:==|relation:all","alma"
"electronic_collection","CDI Type","iepa_cdi_type",,"relation:=|relation:==|relation:all","alma"
"electronic_collection","CDI-only full text activation","cdi_delivery",,"relation:=|relation:==|relation:all","alma"
"electronic_collection","Collection Access Type","iepa_accessType",,"emptyTerm|relation:=|relation:==|relation:all","alma"
"electronic_collection","Collection available explicitly for group","coll_available_only_for_group",,"emptyTerm|relation:<>|relation:=|relation:==|relation:all","alma"
"electronic_collection","Collection Available for group","coll_available_for_group",,"emptyTerm|relation:<>|relation:=|relation:==|relation:all","alma"
"electronic_collection","Collection PO Line ID","iepa_POLineID",,"emptyTerm|relation:=|relation:all","alma"
"electronic_collection","Contributed By (Electronic Collection)","iepa_contributedBy",,"emptyTerm|relation:=|relation:all","alma"
"electronic_collection","Creation Date (Electronic Collection)","package_creation_date",,"emptyTerm|relation:<|relation:<>|relation:=|relation:==|relation:>|relation:all","alma"
"electronic_collection","Creator Name (Electronic Collection)","creatorName",,"emptyTerm|relation:=|relation:all","alma"
"electronic_collection","Crossref enabled","crossrefenabled",,"emptyTerm|relation:<>|relation:=|relation:==|relation:all","alma"
"electronic_collection","Electronic Collection Content Type","packageType",,"emptyTerm|relation:<>|relation:=|relation:==|relation:all","alma"
"electronic_collection","Electronic Collection ID","iepa_pid",,"relation:<|relation:<=|relation:<>|relation:=|relation:==|relation:>|relation:>=|relation:all","alma"
"electronic_collection","Electronic Collection Name","packageName",,"emptyTerm|relation:=|relation:==|relation:all","alma"
"electronic_collection","Electronic Collection Type","aggregator",,"emptyTerm|relation:<>|relation:=|relation:==|relation:all","alma"
"electronic_collection","Electronic Location And Note","elocation",,"emptyTerm|relation:=|relation:==|relation:all","alma"
"electronic_collection","Free (Electronic Collection)","iepa_isFree",,"emptyTerm|relation:=|relation:==|relation:all","alma"
"electronic_collection","Interface Name (Electronic Collection)","interfaceName",,"emptyTerm|relation:=|relation:all","alma"
"electronic_collection","Internal Description (Electronic Collection)","internalDescription",,"emptyTerm|relation:=|relation:==|relation:all","alma"
"electronic_collection","Is Local (Electronic Collection)","iepa_is_local",,"emptyTerm|relation:=|relation:==|relation:all","alma"
"electronic_collection","Language (Electronic Collection)","iepa_language",,"emptyTerm|relation:<>|relation:=|relation:==|relation:all","alma"
"electronic_collection","Link Resolver Plugin","linkResolverPlugin",,"emptyTerm|relation:<>|relation:=|relation:==|relation:all","alma"
"electronic_collection","Linking Level","linkingLevel",,"emptyTerm|relation:<>|relation:=|relation:==|relation:all","alma"
"electronic_collection","Managed by Provider (Electronic Collection)","tps_managed_by",,"relation:=|relation:==|relation:all","alma"
"electronic_collection","Management level in Community Zone (Electronic Collection)","iepa_managementLevel",,"relation:=|relation:==|relation:all","alma"
"electronic_collection","Modification Date (Electronic Collection)","package_modification_date",,"emptyTerm|relation:<|relation:<>|relation:=|relation:==|relation:>|relation:all","alma"
"electronic_collection","Notes tab - General Notes (Electronic Collection)","iepa_generalNote",,"emptyTerm|relation:=|relation:all","alma"
"electronic_collection","Provider Collection ID","iepa_providerCollectionId",,"emptyTerm|relation:=|relation:==|relation:all","alma"
"electronic_collection","Provider Collection Name","iepa_providerCollectionName",,"emptyTerm|relation:=|relation:==|relation:all","alma"
"electronic_collection","Proxy Enabled (Electronic Collection)","iepa_proxyEnabled",,"emptyTerm|relation:=|relation:==|relation:all","alma"
"electronic_collection","Proxy name (Electronic Collection)","proxySelected",,"emptyTerm|relation:=|relation:all","alma"
"electronic_collection","Public Access Model (Electronic Collection)","iepa_publicAccessModel",,"emptyTerm|relation:<>|relation:=|relation:==|relation:all","alma"
"electronic_collection","Public note (Electronic Collection)","publicNote",,"emptyTerm|relation:=|relation:==|relation:all","alma"
"electronic_collection","Service Authentication Note","package_license_id",,"emptyTerm|relation:=|relation:all","alma"
"electronic_collection","Service Authentication Note","pps_authenticationNote",,"emptyTerm|relation:=|relation:==|relation:all","alma"
"electronic_collection","URL (Electronic Collection)","package_nativeInterfaceUrl",,"emptyTerm|relation:=|relation:all","alma"
"electronic_collection","We subscribe only to some titles in this collection","iepa_selectiveIndication",,"relation:=|relation:==|relation:all","alma"
"electronic_portfolio","Access Rights (Electronic Portfolio)","portfolio_accessRights",,"emptyTerm|relation:<>|relation:=|relation:==|relation:all","alma"
"electronic_portfolio","Activation Date (Electronic Portfolio)","portfolio_activationDate",,"emptyTerm|relation:<|relation:<>|relation:=|relation:==|relation:>|relation:all","alma"
"electronic_portfolio","Authentication note (Electronic Portfolio)","portfolio_authenticationNote",,"emptyTerm|relation:=|relation:==|relation:all","alma"
"electronic_portfolio","Availability (Electronic Portfolio)","portfolio_baseStatus",,"emptyTerm|relation:<>|relation:=|relation:==|relation:all","alma"
"electronic_portfolio","Available explicitly for group","available_only_for_group",,"emptyTerm|relation:<>|relation:=|relation:==|relation:all","alma"
"electronic_portfolio","Available for","available_for",,"emptyTerm|relation:<>|relation:=|relation:==|relation:all","alma"
"electronic_portfolio","Available for","available_only_for",,"emptyTerm|relation:<>|relation:=|relation:==|relation:all","alma"
"electronic_portfolio","Available for group","available_for_group",,"emptyTerm|relation:<>|relation:=|relation:==|relation:all","alma"
"electronic_portfolio","c.search.index_names.isStandalone","is_standalone",,"relation:=|relation:==|relation:all","alma"
"electronic_portfolio","c.search.index_names.portfolioLibrary","portfolio_Library",,"emptyTerm|relation:=|relation:==|relation:all","alma"
"electronic_portfolio","Contributed By (Electronic Portfolio)","portfolio_contributedBy",,"emptyTerm|relation:=|relation:all","alma"
"electronic_portfolio","Coverage In Use","coverageInUse",,"emptyTerm|relation:<>|relation:=|relation:==|relation:all","alma"
"electronic_portfolio","Creation Date (Electronic Portfolio)","portfolio_creation_date",,"emptyTerm|relation:<|relation:<>|relation:=|relation:==|relation:>|relation:all","alma"
"electronic_portfolio","Has Local Coverage Information","portfolio_has_local_coverage",,"emptyTerm|relation:<>|relation:=|relation:==|relation:all","alma"
"electronic_portfolio","Interface Name (Electronic Portfolio)","portfolio_interfaceName",,"emptyTerm|relation:=|relation:all","alma"
"electronic_portfolio","Internal Description (Electronic Portfolio)","portfolio_internalDescription",,"emptyTerm|relation:=|relation:==|relation:all","alma"
"electronic_portfolio","Is Local (Electronic Portfolio)","portfolio_is_local",,"emptyTerm|relation:=|relation:==|relation:all","alma"
"electronic_portfolio","Managed by Provider (Electronic Portfolio)","portfolio_managed_by",,"relation:=|relation:==|relation:all","alma"
"electronic_portfolio","Material Type (Electronic Portfolio)","portfolio_materialType",,"emptyTerm|relation:<>|relation:=|relation:==|relation:all","alma"
"electronic_portfolio","Modification Date (Electronic Portfolio)","portfolio_modification_date",,"emptyTerm|relation:<|relation:<>|relation:=|relation:==|relation:>|relation:all","alma"
"electronic_portfolio","Notes tab - General Notes","portfolio_note_out",,"emptyTerm|relation:=|relation:all","alma"
"electronic_portfolio","Portfolio Access Type","portfolio_accessType",,"emptyTerm|relation:=|relation:==|relation:all","alma"
"electronic_portfolio","Portfolio EBA ID","portfolio_ebaId",,"emptyTerm|relation:=|relation:all","alma"
"electronic_portfolio","Portfolio License ID","portfolio_license_id",,"emptyTerm|relation:=|relation:all","alma"
"electronic_portfolio","Portfolio PDA ID","portfolio_pdaId",,"emptyTerm|relation:=|relation:all","alma"
"electronic_portfolio","Portfolio PID","portfolio_pid",,"relation:<|relation:<=|relation:<>|relation:=|relation:==|relation:>|relation:>=|relation:all","alma"
"electronic_portfolio","Portfolio PO Line ID","portfolio_POLineID",,"emptyTerm|relation:=|relation:all","alma"
"electronic_portfolio","Proxy Enabled (Electronic Portfolio)","portfolioProxyEnabled",,"emptyTerm|relation:=|relation:==|relation:all","alma"
"electronic_portfolio","Proxy name (Electronic Portfolio)","proxy",,"emptyTerm|relation:=|relation:all","alma"
"electronic_portfolio","Public Access Model","publicAccessModel",,"emptyTerm|relation:<>|relation:=|relation:==|relation:all","alma"
"electronic_portfolio","Public note (Electronic Portfolio)","generalNote",,"emptyTerm|relation:=|relation:==|relation:all","alma"
"electronic_portfolio","Purchase Model","purchaseModel",,"emptyTerm|relation:<>|relation:=|relation:==|relation:all","alma"
"electronic_portfolio","URL (Electronic Portfolio)","url",,"emptyTerm|relation:=|relation:all","alma"
"physical_holdings","Accession Number","accessionNumber",,"emptyTerm|relation:<|relation:<=|relation:=|relation:==|relation:>|relation:>=|relation:all","alma"
"physical_holdings","Acquisition Note","acquisition_note",,"emptyTerm|relation:=|relation:all","alma"
"physical_holdings","Action note","action_note",,"relation:=|relation:==|relation:all","alma"
"physical_holdings","Action note - authorization","action_note_authorization",,"emptyTerm|relation:=|relation:==|relation:all","alma"
"physical_holdings","Action note - note","action_note_note",,"emptyTerm|relation:=|relation:==|relation:all","alma"
"physical_holdings","Binding Note","binding_note",,"emptyTerm|relation:=|relation:all","alma"
"physical_holdings","c.search.index_names.has_items","p_level_4_id",,"relation:=|relation:==|relation:all","alma"
"physical_holdings","Call number prefix","callNumberPrefix",,"emptyTerm|relation:=|relation:all","alma"
"physical_holdings","Call number suffix","callNumberSuffix",,"emptyTerm|relation:=|relation:all","alma"
"physical_holdings","Carrier Type Code (Title)","holding_carrier_type_code",,"emptyTerm|relation:<>|relation:=|relation:==|relation:all","alma"
"physical_holdings","Carrier Type Term (Title)","holding_carrier_type_term",,"emptyTerm|relation:<>|relation:=|relation:==|relation:all","alma"
"physical_holdings","Completeness","completeness",,"emptyTerm|relation:=|relation:==|relation:all","alma"
"physical_holdings","Control number (Holdings)","hol_control_number",,"emptyTerm|relation:=|relation:==|relation:all","alma"
"physical_holdings","Creation date (physical holdings)","hol_createDate",,"emptyTerm|relation:<|relation:<>|relation:=|relation:==|relation:>|relation:all","alma"
"physical_holdings","Encoding level","encoding_level",,"emptyTerm|relation:=|relation:==|relation:all","alma"
"physical_holdings","Former shelving location","former_shelving_location",,"emptyTerm|relation:=|relation:all","alma"
"physical_holdings","General retention policy","general_retention_policy",,"emptyTerm|relation:<>|relation:=|relation:==|relation:all","alma"
"physical_holdings","Holdings note","holding_Note",,"emptyTerm|relation:=|relation:all","alma"
"physical_holdings","Holdings PID","holding_pid",,"relation:<|relation:<=|relation:<>|relation:=|relation:==|relation:>|relation:>=|relation:all","alma"
"physical_holdings","Labels","holding_labels",,"relation:=|relation:==|relation:all","alma"
"physical_holdings","Lending Policy","lending_policy",,"emptyTerm|relation:<>|relation:=|relation:==|relation:all","alma"
"physical_holdings","Linkage number","linkage_number",,"emptyTerm|relation:=|relation:==|relation:all","alma"
"physical_holdings","Local holding field 952","local_holding_field_952",,"emptyTerm|relation:=|relation:all","alma"
"physical_holdings","Media type code (Holdings)","holding_media_type_code",,"emptyTerm|relation:<>|relation:=|relation:==|relation:all","alma"
"physical_holdings","Media type term (Holdings)","holding_media_type_term",,"emptyTerm|relation:<>|relation:=|relation:==|relation:all","alma"
"physical_holdings","Method of acquisition","method_of_acquisition",,"emptyTerm|relation:=|relation:==|relation:all","alma"
"physical_holdings","Modification date (physical holdings)","hol_modificationDate",,"emptyTerm|relation:<|relation:<>|relation:=|relation:==|relation:>|relation:all","alma"
"physical_holdings","OCLC Control Number (035a) - Holdings","hol_oclc_control_number_035_a",,"emptyTerm|relation:=|relation:==|relation:all","alma"
"physical_holdings","OCLC Control Number (035a+z) - Holdings","hol_oclc_control_number_035_az",,"emptyTerm|relation:=|relation:==|relation:all","alma"
"physical_holdings","OCLC Control Number (035z) - Holdings","hol_oclc_control_number_035_z",,"emptyTerm|relation:=|relation:==|relation:all","alma"
"physical_holdings","Other System Number (035a) - Holdings","hol_other_system_number_035_a",,"emptyTerm|relation:=|relation:==|relation:all","alma"
"physical_holdings","Other System Number (035a+z) - Holdings","hol_other_system_number_035_az",,"emptyTerm|relation:=|relation:==|relation:all","alma"
"physical_holdings","Other System Number (035z) - Holdings","hol_other_system_number_035_z",,"emptyTerm|relation:=|relation:==|relation:all","alma"
"physical_holdings","Ownership and Custodial History","f561a",,"emptyTerm|relation:=|relation:all","alma"
"physical_holdings","Pattern 1st level of enumeration","pattern_first_level_enum",,"emptyTerm|relation:=|relation:==|relation:all","alma"
"physical_holdings","Pattern 2nd level of enumeration","pattern_second_level_enum",,"emptyTerm|relation:=|relation:==|relation:all","alma"
"physical_holdings","Pattern 3rd level of enumeration","pattern_third_level_enum",,"emptyTerm|relation:=|relation:==|relation:all","alma"
"physical_holdings","Pattern 4th level of enumeration","pattern_fourth_level_enum",,"emptyTerm|relation:=|relation:==|relation:all","alma"
"physical_holdings","Pattern 5th level of enumeration","pattern_fifth_level_enum",,"emptyTerm|relation:=|relation:==|relation:all","alma"
"physical_holdings","Pattern 6th level of enumeration","pattern_sixth_level_enum",,"emptyTerm|relation:=|relation:==|relation:all","alma"
"physical_holdings","Pattern frequency","pattern_frequency",,"emptyTerm|relation:=|relation:==|relation:all","alma"
"physical_holdings","Permanent call number","PermanentCallNumber",,"emptyTerm|relation:<|relation:<=|relation:=|relation:==|relation:>|relation:>=|relation:all","alma"
"physical_holdings","Permanent call number type","permanentCallNumberType",,"emptyTerm|relation:<>|relation:=|relation:==|relation:all","alma"
"physical_holdings","Permanent physical location","permanentPhysicalLocation",,"emptyTerm|relation:=|relation:==|relation:all","alma"
"physical_holdings","Receipt, acquisition, or access status","receipt_acq_status",,"emptyTerm|relation:=|relation:==|relation:all","alma"
"physical_holdings","Reproduction Policy","reproduction_policy",,"emptyTerm|relation:<>|relation:=|relation:==|relation:all","alma"
"physical_holdings","Summary holdings","summaryHolding",,"emptyTerm|relation:=|relation:all","alma"
"physical_holdings","Tag Suppressed (Holdings)","holding_tagSuppressed",,"emptyTerm|relation:<>|relation:=|relation:==|relation:all","alma"
"physical_holdings","Textual holdings","textual_holdings",,"emptyTerm|relation:=|relation:==|relation:all","alma"
"physical_holdings","Textual holdings nonpublic note","textual_holdings_non_public_note",,"emptyTerm|relation:=|relation:==|relation:all","alma"
"physical_holdings","Textual holdings public note","textual_holdings_public_note",,"emptyTerm|relation:=|relation:==|relation:all","alma"
"physical_holdings","Type of record","hol_type_of_record",,"emptyTerm|relation:=|relation:==|relation:all","alma"
"physical_holdings","URL","hol_url",,"emptyTerm|relation:=|relation:==|relation:all","alma"
"physical_holdings","URL access status","hol_url_access_status",,"emptyTerm|relation:=|relation:==|relation:all","alma"
"physical_holdings","URL link text","hol_url_link_text",,"emptyTerm|relation:=|relation:==|relation:all","alma"
"physical_holdings","URL materials specified","hol_url_materials_specified",,"emptyTerm|relation:=|relation:==|relation:all","alma"
"physical_holdings","URL method","hol_url_method",,"emptyTerm|relation:=|relation:==|relation:all","alma"
"physical_holdings","URL non public note","hol_url_non_public_note",,"emptyTerm|relation:=|relation:==|relation:all","alma"
"physical_holdings","URL public note","hol_url_public_note",,"emptyTerm|relation:=|relation:==|relation:all","alma"
"physical_items","Barcode","barcode",,"emptyTerm|relation:=|relation:==|relation:all","alma"
"physical_items","Base status","baseStatus",,"emptyTerm|relation:<>|relation:=|relation:==|relation:all","alma"
"physical_items","c.search.index_names.current_library","current_Library",,"emptyTerm|relation:<>|relation:=|relation:==|relation:all","alma"
"physical_items","c.search.index_names.current_location","current_Location",,"emptyTerm|relation:<>|relation:=|relation:==|relation:all","alma"
"physical_items","Call Number Type","permanentCallNumberTypeFacet",,"emptyTerm|relation:<>|relation:=|relation:==|relation:all","alma"
"physical_items","Chronology I","chronologyI",,"emptyTerm|relation:=|relation:all","alma"
"physical_items","Chronology J","chronologyJ",,"emptyTerm|relation:=|relation:all","alma"
"physical_items","Chronology K","chronologyK",,"emptyTerm|relation:=|relation:all","alma"
"physical_items","Chronology L","chronologyL",,"emptyTerm|relation:=|relation:all","alma"
"physical_items","Chronology M","chronologyM",,"emptyTerm|relation:=|relation:all","alma"
"physical_items","Committed to Retain","committedToRetain",,"emptyTerm|relation:=|relation:==|relation:all","alma"
"physical_items","Creation Date (Physical Item)","item_createDate",,"emptyTerm|relation:<|relation:<>|relation:=|relation:==|relation:>|relation:all","alma"
"physical_items","Description","description",,"emptyTerm|relation:=|relation:all","alma"
"physical_items","Description","item_description",,"emptyTerm|relation:=|relation:all","alma"
"physical_items","Dewey Decimal Class Number","dewey_decimal_class_number",,"emptyTerm|relation:=|relation:==|relation:all","alma"
"physical_items","DOI - Digital Object Identifier","digital_object_identifier",,"emptyTerm|relation:=|relation:all","alma"
"physical_items","Due back from temp location date","expectedReturnFromTempLocation",,"emptyTerm|relation:<|relation:<>|relation:=|relation:==|relation:>|relation:all","alma"
"physical_items","Edition","alternate_complete_edition",,"relation:=|relation:==|relation:all","alma"
"physical_items","Enumeration A","enumerationA",,"emptyTerm|relation:=|relation:all","alma"
"physical_items","Enumeration B","enumerationB",,"emptyTerm|relation:=|relation:all","alma"
"physical_items","Enumeration C","enumerationC",,"emptyTerm|relation:=|relation:all","alma"
"physical_items","Enumeration D","enumerationD",,"emptyTerm|relation:=|relation:all","alma"
"physical_items","Enumeration E","enumerationE",,"emptyTerm|relation:=|relation:all","alma"
"physical_items","Enumeration F","enumerationF",,"emptyTerm|relation:=|relation:all","alma"
"physical_items","Enumeration G","enumerationG",,"emptyTerm|relation:=|relation:all","alma"
"physical_items","Enumeration H","enumerationH",,"emptyTerm|relation:=|relation:all","alma"
"physical_items","Expected receiving date","expectedArrivalDate",,"emptyTerm|relation:<|relation:<>|relation:=|relation:==|relation:>|relation:all","alma"
"physical_items","Fulfillment Note","fulfilment_note",,"emptyTerm|relation:=|relation:all","alma"
"physical_items","In Process Type","inProcessType",,"emptyTerm|relation:=|relation:==|relation:all","alma"
"physical_items","In temporary location","temporaryPhysicalLocationInUse",,"relation:<|relation:<=|relation:<>|relation:=|relation:==|relation:>|relation:>=|relation:all","alma"
"physical_items","Internal note 1","internal_note_1",,"emptyTerm|relation:=|relation:all","alma"
"physical_items","Internal note 2","internal_note_2",,"emptyTerm|relation:=|relation:all","alma"
"physical_items","Internal note 3","internal_note_3",,"emptyTerm|relation:=|relation:all","alma"
"physical_items","Inventory date","inventoryDate",,"emptyTerm|relation:<|relation:<>|relation:=|relation:==|relation:>|relation:all","alma"
"physical_items","Inventory number","inventoryNumber",,"emptyTerm|relation:=|relation:all","alma"
"physical_items","Is Magnetic","isMagnetic",,"emptyTerm|relation:<>|relation:=|relation:==|relation:all","alma"
"physical_items","Issue year","issueYear",,"relation:<|relation:<=|relation:<>|relation:=|relation:==|relation:>|relation:>=|relation:all","alma"
"physical_items","Item call number","alterCallNumber",,"emptyTerm|relation:=|relation:all","alma"
"physical_items","Item call number type","alternativeCallNumberType",,"emptyTerm|relation:<>|relation:=|relation:==|relation:all","alma"
"physical_items","Item Issue Date","itemIssueDate",,"emptyTerm|relation:<|relation:<>|relation:=|relation:==|relation:>|relation:all","alma"
"physical_items","Item PID","item_pid",,"relation:<|relation:<=|relation:<>|relation:=|relation:==|relation:>|relation:>=|relation:all","alma"
"physical_items","Item policy","itemPolicy",,"emptyTerm|relation:<>|relation:=|relation:==|relation:all","alma"
"physical_items","Item sequence number","itemSequenceNumber",,"emptyTerm|relation:=|relation:all","alma"
"physical_items","Labels","item_labels",,"relation:=|relation:==|relation:all","alma"
"physical_items","Library","itemLibrary",,"emptyTerm|relation:<>|relation:=|relation:==|relation:all","alma"
"physical_items","Library","rep_Library",,"emptyTerm|relation:<>|relation:=|relation:==|relation:all","alma"
"physical_items","Location","itemPhysicalLocation",,"emptyTerm|relation:<>|relation:=|relation:==|relation:all","alma"
"physical_items","Material Type (Physical Item)","materialType",,"emptyTerm|relation:=|relation:==|relation:all","alma"
"physical_items","Modification Date (Physical Item)","item_modificationDate",,"emptyTerm|relation:<|relation:<>|relation:=|relation:==|relation:>|relation:all","alma"
"physical_items","On shelf date","onShelfDate",,"emptyTerm|relation:<|relation:<>|relation:=|relation:==|relation:>|relation:all","alma"
"physical_items","On shelf seq","onShelfSeq",,"emptyTerm|relation:=|relation:all","alma"
"physical_items","Pages","pages",,"emptyTerm|relation:=|relation:all","alma"
"physical_items","Physical Description","category_of_material",,"emptyTerm|relation:<>|relation:=|relation:==|relation:all","alma"
"physical_items","Pieces","pieces",,"emptyTerm|relation:=|relation:all","alma"
"physical_items","PO Line","itemPOLineID",,"emptyTerm|relation:=|relation:all","alma"
"physical_items","PO Line","repPoLineId",,"emptyTerm|relation:=|relation:all","alma"
"physical_items","Process type","processType",,"emptyTerm|relation:<>|relation:=|relation:==|relation:all","alma"
"physical_items","Provenance Code","provenanceCode",,"emptyTerm|relation:<>|relation:=|relation:==|relation:all","alma"
"physical_items","Public note (Physical Item)","public_note",,"emptyTerm|relation:=|relation:all","alma"
"physical_items","Public note (Physical Item)","rep_public_note",,"emptyTerm|relation:=|relation:all","alma"
"physical_items","Receiving date","arrivalDate",,"emptyTerm|relation:<|relation:<>|relation:=|relation:==|relation:>|relation:all","alma"
"physical_items","Retention Note","retentionNote",,"emptyTerm|relation:=|relation:==|relation:all","alma"
"physical_items","Retention Reason","retentionReason",,"emptyTerm|relation:=|relation:==|relation:all","alma"
"physical_items","Statistics note 1","statisticsNote1",,"emptyTerm|relation:=|relation:==|relation:all","alma"
"physical_items","Statistics note 2","statisticsNote2",,"emptyTerm|relation:=|relation:==|relation:all","alma"
"physical_items","Statistics note 3","statisticsNote3",,"emptyTerm|relation:=|relation:==|relation:all","alma"
"physical_items","Storage Location ID","storageLocationID",,"emptyTerm|relation:=|relation:==|relation:all","alma"
"physical_items","Temporary call number","temporaryCallNumber",,"emptyTerm|relation:=|relation:all","alma"
"physical_items","Temporary call number type","temporaryCallNumberType",,"emptyTerm|relation:<>|relation:=|relation:==|relation:all","alma"
"physical_items","Temporary item policy","temporaryItemPolicy",,"emptyTerm|relation:<>|relation:=|relation:==|relation:all","alma"
"physical_items","Temporary library","temporaryLibrary",,"emptyTerm|relation:<>|relation:=|relation:==|relation:all","alma"
"physical_items","Temporary physical location","temporaryPhysicalLocation",,"emptyTerm|relation:<>|relation:=|relation:==|relation:all","alma"
"physical_titles","Additional Physical Form Available Note","additional_physical_form_available_note",,"relation:=|relation:==|relation:all","alma"
"physical_titles","Preservation Status","preservation_status",,"emptyTerm|relation:=|relation:all","alma"
"physical_titles","Sublocation","sublocation",,"relation:=|relation:==|relation:all","alma"
"representation","Access Rights","ar_policy",,"emptyTerm|relation:<>|relation:=|relation:==|relation:all","alma"
"representation","Copyrights Name","copyrightsId",,"emptyTerm|relation:<>|relation:=|relation:==|relation:all","alma"
"representation","Date","date",,"emptyTerm|relation:=|relation:all","alma"
"representation","Deposit ID","deposit_id",,"emptyTerm|relation:=|relation:all","alma"
"representation","Entity type","representationEntityType",,"emptyTerm|relation:<>|relation:=|relation:==|relation:all","alma"
"representation","Issue","issue",,"emptyTerm|relation:=|relation:all","alma"
"representation","Linking Parameter 1","remote_representation_linkingparameter1",,"emptyTerm|relation:=|relation:all","alma"
"representation","Linking Parameter 2","remote_representation_linkingparameter2",,"emptyTerm|relation:=|relation:all","alma"
"representation","Linking Parameter 3","remote_representation_linkingparameter3",,"emptyTerm|relation:=|relation:all","alma"
"representation","Linking Parameter 4","remote_representation_linkingparameter4",,"emptyTerm|relation:=|relation:all","alma"
"representation","Linking Parameter 5","remote_representation_linkingparameter5",,"emptyTerm|relation:=|relation:all","alma"
"representation","Long-Term Digital Loan","representation_has_cdl",,"relation:=|relation:==|relation:all","alma"
"representation","Number","number",,"emptyTerm|relation:=|relation:all","alma"
"representation","Provenance ID","representation_originating_system_id",,"emptyTerm|relation:=|relation:all","alma"
"representation","Remote repository","remote_representation_integration_system_code",,"emptyTerm|relation:<>|relation:=|relation:==|relation:all","alma"
"representation","Representation Label","representation_label",,"emptyTerm|relation:=|relation:all","alma"
"representation","Representation PID","representation_pid",,"relation:<|relation:<=|relation:<>|relation:=|relation:==|relation:>|relation:>=|relation:all","alma"
"representation","Request ID","digitization_request_id",,"emptyTerm|relation:=|relation:all","alma"
"representation","Tag Active (Representation)","tagActive",,"relation:=|relation:==|relation:all","alma"
"representation","Title","repTitle",,"emptyTerm|relation:=|relation:all","alma"
"representation","Usage Type","preservationType",,"emptyTerm|relation:<>|relation:=|relation:==|relation:all","alma"
"representation","Volume","volume",,"emptyTerm|relation:=|relation:all","alma"
"service","Free (Service)","isFree",,"emptyTerm|relation:=|relation:==|relation:all","alma"
"service","Notes tab - General Notes (Service)","service_generalNote",,"emptyTerm|relation:=|relation:all","alma"
"service","Proxy Enabled (Service)","service_proxyEnabled",,"emptyTerm|relation:=|relation:==|relation:all","alma"
"service","Service Type","serviceType",,"emptyTerm|relation:<>|relation:=|relation:==|relation:all","alma"
"service","Title Service PID","service_pid",,"relation:<|relation:<=|relation:<>|relation:=|relation:==|relation:>|relation:>=|relation:all","alma"
"titles","Accompanying Material","accompanying_material",,"emptyTerm|relation:=|relation:all","alma"
"titles","Additional Publication Year","date_of_publication",,"emptyTerm|relation:=|relation:all","alma"
"titles","Authority Id","authority_id",,"emptyTerm|relation:=|relation:==|relation:all","alma"
"titles","Authority Vocabulary","authority_vocabulary",,"emptyTerm|relation:=|relation:==|relation:all","alma"
"titles","Bibliographic Format","type_of_record",,"emptyTerm|relation:<>|relation:=|relation:==|relation:all","alma"
"titles","Bibliographic Level","bib_level",,"emptyTerm|relation:<>|relation:=|relation:==|relation:all","alma"
"titles","Bibliographic Rank","mms_qualityScore",,"relation:<|relation:<=|relation:<>|relation:=|relation:==|relation:>|relation:>=|relation:all","alma"
"titles","Brief Level","mms_briefLevel",,"emptyTerm|relation:<|relation:<=|relation:=|relation:==|relation:>|relation:>=|relation:all","alma"
"titles","c.search.index_names.cluster_issn2","cluster_issn",,"emptyTerm|relation:=|relation:all","alma"
"titles","Carrier Type Code (Title)","carrier_type_code",,"emptyTerm|relation:<>|relation:=|relation:==|relation:all","alma"
"titles","Carrier Type Term (Title)","carrier_type_term",,"emptyTerm|relation:<>|relation:=|relation:==|relation:all","alma"
"titles","Cartographic Mathematical Data","cartographic_mathematical_data",,"emptyTerm|relation:=|relation:all","alma"
"titles","Cataloger Level","mms_catalogerLevel",,"emptyTerm|relation:<|relation:<=|relation:=|relation:==|relation:>|relation:>=|relation:all","alma"
"titles","Classification Part","classification_part",,"relation:=|relation:==|relation:all","alma"
"titles","Coded Cartographic Mathematical Data","coded_cartographic_mathematical_data",,"emptyTerm|relation:=|relation:all","alma"
"titles","Collection ID (All Sub-Levels)","mms_memberOfDeep",,"emptyTerm|relation:=|relation:all","alma"
"titles","Collection ID (One Level)","mms_memberOf",,"emptyTerm|relation:<>|relation:=|relation:==|relation:all","alma"
"titles","Content Related Data","content_related_data",,"emptyTerm|relation:=|relation:all","alma"
"titles","Content Type Code","content_type_code",,"emptyTerm|relation:<>|relation:=|relation:==|relation:all","alma"
"titles","Content Type Term","content_type_term",,"emptyTerm|relation:<>|relation:=|relation:==|relation:all","alma"
"titles","Contributed By","mms_contributedBy",,"emptyTerm|relation:=|relation:all","alma"
"titles","Copyright Note","copyrights_note",,"emptyTerm|relation:=|relation:all","alma"
"titles","Country of Publication","country_of_publication_new",,"emptyTerm|relation:<>|relation:=|relation:==|relation:all","alma"
"titles","Creator","creator","True","relation:=|relation:==|relation:all","alma"
"titles","Creator (Title)","repCreator",,"emptyTerm|relation:=|relation:all","alma"
"titles","Date Type Status","type_of_date",,"emptyTerm|relation:<>|relation:=|relation:==|relation:all","alma"
"titles","dc:contributor","dc_contributor",,"emptyTerm|relation:=|relation:all","alma"
"titles","dc:coverage","dc_coverage",,"emptyTerm|relation:=|relation:all","alma"
"titles","dc:creator","dc_creator",,"emptyTerm|relation:=|relation:all","alma"
"titles","dc:date","dc_date",,"emptyTerm|relation:=|relation:all","alma"
"titles","dc:description","dc_description",,"emptyTerm|relation:=|relation:all","alma"
"titles","dc:format","dc_format",,"emptyTerm|relation:=|relation:all","alma"
"titles","dc:identifier","identifier",,"emptyTerm|relation:<>|relation:=|relation:==|relation:all","alma"
"titles","dc:language","dc_language",,"emptyTerm|relation:<>|relation:=|relation:==|relation:all","alma"
"titles","dc:publisher","dc_publisher",,"emptyTerm|relation:=|relation:all","alma"
"titles","dc:relation","dc_relation",,"emptyTerm|relation:=|relation:all","alma"
"titles","dc:rights","dc_rights",,"emptyTerm|relation:=|relation:all","alma"
"titles","dc:source","dc_source",,"emptyTerm|relation:=|relation:all","alma"
"titles","dc:subject","dc_subject",,"emptyTerm|relation:=|relation:all","alma"
"titles","dc:title","dc_title",,"emptyTerm|relation:=|relation:==|relation:all","alma"
"titles","dc:type","dc_type",,"emptyTerm|relation:<>|relation:=|relation:==|relation:all","alma"
"titles","Enriched with AI metadata by CZ","ai_cz",,"relation:=|relation:==|relation:all","alma"
"titles","Event Date","event_date",,"emptyTerm|relation:=|relation:all","alma"
"titles","Format of Notated Music","format_of_notated_music",,"relation:=|relation:==|relation:all","alma"
"titles","Genre Form","genre_form",,"emptyTerm|relation:=|relation:all","alma"
"titles","Geographic Area Code","geographic_area_code",,"relation:=|relation:==|relation:all","alma"
"titles","Government Document Number","government_document_number",,"emptyTerm|relation:=|relation:all","alma"
"titles","Granular Resource Type","granular_resource_type",,"emptyTerm|relation:=|relation:all","alma"
"titles","Handle Identifier","mms_handle",,"emptyTerm|relation:=|relation:all","alma"
"titles","Has Inventory","has_inventory",,"relation:=|relation:==|relation:all","alma"
"titles","Has Orders","has_orders",,"relation:=|relation:==|relation:all","alma"
"titles","Heading Information","heading_info",,"relation:=|relation:==|relation:all","alma"
"titles","Horizon Bib Number","local_field_910",,"emptyTerm|relation:=|relation:all","alma"
"titles","Horizon Collection Code","local_field_909",,"emptyTerm|relation:=|relation:all","alma"
"titles","Import Profile Job ID","mms_mdImportModificationHistory",,"emptyTerm|relation:=|relation:all","alma"
"titles","International Article Number","stored_standard_number_024_a_ind1_3",,"relation:=|relation:==|relation:all","alma"
"titles","International Standard Music Number","stored_standard_number_024_a_ind1_2",,"relation:=|relation:==|relation:all","alma"
"titles","International Standard Recording Code","stored_standard_number_024_a_ind1_0",,"relation:=|relation:==|relation:all","alma"
"titles","Is Handle Registered","mms_is_handle_registered",,"relation:=|relation:==|relation:all","alma"
"titles","Is linked","is_linked",,"relation:=|relation:==|relation:all","alma"
"titles","ISBN","isbn",,"emptyTerm|relation:=|relation:all","alma"
"titles","ISNI - International Standard Name Identifier","isni_identifier",,"emptyTerm|relation:=|relation:all","alma"
"titles","ISNI - Real World Object URI","isni_real_world_object_uri",,"relation:=|relation:==|relation:all","alma"
"titles","ISSN","issn",,"emptyTerm|relation:=|relation:all","alma"
"titles","ISSN link","issn_link",,"emptyTerm|relation:=|relation:all","alma"
"titles","Keywords","all_for_ui",,"emptyTerm|relation:=|relation:all","alma"
"titles","Language","language",,"emptyTerm|relation:<>|relation:=|relation:==|relation:all","alma"
"titles","Language Of Cataloging","language_of_cataloging",,"emptyTerm|relation:<>|relation:=|relation:==|relation:all","alma"
"titles","LC Call Number","lc_class_number",,"emptyTerm|relation:=|relation:==|relation:all","alma"
"titles","LC Control No.","lccn",,"emptyTerm|relation:=|relation:all","alma"
"titles","Linked Institution","link_inst",,"emptyTerm|relation:<>|relation:=|relation:==|relation:all","alma"
"titles","Local call number 099","local_call_number_099",,"emptyTerm|relation:=|relation:all","alma"
"titles","Local Control Field 009","local_control_field_009",,"emptyTerm|relation:=|relation:==|relation:all","alma"
"titles","Local Labels","bib_labels",,"relation:=|relation:==|relation:all","alma"
"titles","Local Notes","local_notes",,"emptyTerm|relation:=|relation:all","alma"
"titles","lom-edu:context","lom_context",,"emptyTerm|relation:=|relation:all","alma"
"titles","lom-edu:description","lom_description",,"emptyTerm|relation:=|relation:all","alma"
"titles","lom-edu:difficulty","lom_difficulty",,"emptyTerm|relation:=|relation:all","alma"
"titles","lom-edu:intendedEndUserRole","lom_intendedEndUserRole",,"emptyTerm|relation:=|relation:all","alma"
"titles","lom-edu:interactivityLevel","lom_interactivityLevel",,"emptyTerm|relation:=|relation:all","alma"
"titles","lom-edu:interactivityType","lom_interactivityType",,"emptyTerm|relation:=|relation:all","alma"
"titles","lom-edu:language","lom_language",,"emptyTerm|relation:=|relation:all","alma"
"titles","lom-edu:semanticDensity","lom_semanticDensity",,"emptyTerm|relation:=|relation:all","alma"
"titles","lom-edu:type","lom_type",,"emptyTerm|relation:=|relation:all","alma"
"titles","lom-edu:typicalLearningTime","lom_typicalLearningTime",,"emptyTerm|relation:=|relation:all","alma"
"titles","Managed By Provider (Title)","mms_managed_by",,"relation:=|relation:==|relation:all","alma"
"titles","Material type","mms_material_type",,"emptyTerm|relation:<>|relation:=|relation:==|relation:all","alma"
"titles","Media Type Code (Title)","media_type_code",,"emptyTerm|relation:<>|relation:=|relation:==|relation:all","alma"
"titles","Media Type Term (Title)","media_type_term",,"emptyTerm|relation:<>|relation:=|relation:==|relation:all","alma"
"titles","Medical Subjects (MeSH)","mesh",,"relation:=|relation:==|relation:all","alma"
"titles","Medium Type","medium_type",,"emptyTerm|relation:<>|relation:=|relation:==|relation:all","alma"
"titles","MMS Creation Date (Title)","mms_createDate",,"emptyTerm|relation:<|relation:<>|relation:=|relation:==|relation:>|relation:all","alma"
"titles","MMS ID","mms_id",,"relation:<|relation:<=|relation:<>|relation:=|relation:==|relation:>|relation:>=|relation:all","alma"
"titles","MMS SIP ID","mms_sip_id",,"emptyTerm|relation:=|relation:all","alma"
"titles","Modification Date (Title)","mms_modificationDate",,"emptyTerm|relation:<|relation:<>|relation:=|relation:==|relation:>|relation:all","alma"
"titles","NAL Call Number","nal_call_number",,"emptyTerm|relation:=|relation:==|relation:all","alma"
"titles","Names","name",,"emptyTerm|relation:=|relation:==|relation:all","alma"
"titles","National Bibliography Number","national_bibliography_number",,"emptyTerm|relation:=|relation:all","alma"
"titles","NLM-type Call Number","nlm_call_number",,"emptyTerm|relation:=|relation:==|relation:all","alma"
"titles","Notes","notes",,"emptyTerm|relation:=|relation:all","alma"
"titles","OCLC Control Number (019)","oclc_control_number_019_a",,"emptyTerm|relation:=|relation:==|relation:all","alma"
"titles","OCLC Control Number (035a)","oclc_control_number_035_a",,"emptyTerm|relation:=|relation:==|relation:all","alma"
"titles","OCLC Control Number (035a+z)","oclc_control_number_035_az",,"emptyTerm|relation:=|relation:==|relation:all","alma"
"titles","OCLC Control Number (035z)","oclc_control_number_035_z",,"emptyTerm|relation:=|relation:==|relation:all","alma"
"titles","Open Access","open_access",,"emptyTerm|relation:<>|relation:=|relation:==|relation:all","alma"
"titles","ORCID - Open Researcher and Contributor ID","orcid_identifier",,"emptyTerm|relation:=|relation:all","alma"
"titles","ORCID - Real World Object URI","orcid_real_world_object_uri",,"relation:=|relation:==|relation:all","alma"
"titles","Original Cataloging Agency","original_cataloging_agency",,"emptyTerm|relation:=|relation:all","alma"
"titles","Originating Record ID","remote_representation_originating_system_id",,"emptyTerm|relation:=|relation:all","alma"
"titles","Originating System","mms_originatingSystem",,"emptyTerm|relation:=|relation:==|relation:all","alma"
"titles","Originating System Id","mms_originatingSystemId",,"emptyTerm|relation:=|relation:all","alma"
"titles","Other Classification Number","other_class_number",,"emptyTerm|relation:=|relation:==|relation:all","alma"
"titles","Other Physical Details","other_physical_details",,"emptyTerm|relation:=|relation:all","alma"
"titles","Other Standard ID","ismn",,"emptyTerm|relation:=|relation:all","alma"
"titles","Other Standard Identifier","other_standard_identifier",,"emptyTerm|relation:=|relation:all","alma"
"titles","Other System Number","other_system_number",,"emptyTerm|relation:=|relation:==|relation:all","alma"
"titles","Peer Reviewed","peer_reviewed",,"emptyTerm|relation:<>|relation:=|relation:==|relation:all","alma"
"titles","Physical condition","physicalCondition",,"emptyTerm|relation:<>|relation:=|relation:==|relation:all","alma"
"titles","Processed with Alma AI tools","ai_contribution",,"emptyTerm|relation:<>|relation:=|relation:==|relation:all","alma"
"titles","Public Note (Title)","general_note",,"relation:=|relation:==|relation:all","alma"
"titles","Publication Year","main_pub_date","True","relation:<|relation:<=|relation:<>|relation:=|relation:==|relation:>|relation:>=|relation:all","alma"
"titles","Publisher","publisher",,"relation:=|relation:==|relation:all","alma"
"titles","Publisher Location","publisher_location",,"emptyTerm|relation:=|relation:all","alma"
"titles","Publisher Number","publisher_number",,"emptyTerm|relation:=|relation:all","alma"
"titles","Real World Object URI","real_world_object_uri",,"relation:=|relation:==|relation:all","alma"
"titles","Record Format","registry_id",,"emptyTerm|relation:=|relation:all","alma"
"titles","Relator","relator",,"emptyTerm|relation:=|relation:all","alma"
"titles","Resource Type","mms_resource_type",,"emptyTerm|relation:<>|relation:=|relation:==|relation:all","alma"
"titles","Serial Item and Contribution Identifier","stored_standard_number_024_a_ind1_4",,"relation:=|relation:==|relation:all","alma"
"titles","Serial Title","unique_serial_title",,"relation:=|relation:==|relation:all","alma"
"titles","Series","series",,"emptyTerm|relation:=|relation:==|relation:all","alma"
"titles","Shelving Location","shelving_location",,"relation:=|relation:==|relation:all","alma"
"titles","Source Of Description Note","source_of_description_note",,"emptyTerm|relation:=|relation:all","alma"
"titles","Source Record Id","source_record_id",,"emptyTerm|relation:=|relation:all","alma"
"titles","Standard Number","standard_number",,"emptyTerm|relation:=|relation:all","alma"
"titles","Standard Number Source","standard_number_source",,"emptyTerm|relation:=|relation:all","alma"
"titles","Subject Category Code","subject_category_code",,"emptyTerm|relation:=|relation:all","alma"
"titles","Subjects","subjects",,"emptyTerm|relation:=|relation:==|relation:all","alma"
"titles","Subjects (LC)","lcsh",,"relation:=|relation:==|relation:all","alma"
"titles","Tag Suppressed (Title)","mms_tagSuppressed",,"emptyTerm|relation:<>|relation:=|relation:==|relation:all","alma"
"titles","Tag Suppressed From External Search","mms_tagSuppressedExternalSearch",,"emptyTerm|relation:<>|relation:=|relation:==|relation:all","alma"
"titles","Tag Suppressed From MetaDoor","mms_tagSuppressedMetadoor",,"emptyTerm|relation:<>|relation:=|relation:==|relation:all","alma"
"titles","Tag Sync External Catalog","mms_tagSyncExternalCatalog",,"emptyTerm|relation:<>|relation:=|relation:==|relation:all","alma"
"titles","Tag Sync External Catalog","mms_tagSyncNationalCatalog",,"emptyTerm|relation:<>|relation:=|relation:==|relation:all","alma"
"titles","Title","title","True","emptyTerm|relation:=|relation:==|relation:all","alma"
"titles","Title committed to retain","title_committed_to_retain",,"relation:=|relation:==|relation:all","alma"
"titles","UDC","universal_decimal_class_number",,"emptyTerm|relation:=|relation:==|relation:all","alma"
"titles","Uniform Title","uniform_title",,"relation:=|relation:==|relation:all","alma"
"titles","Universal Product Code","stored_standard_number_024_a_ind1_1",,"relation:=|relation:==|relation:all","alma"
